{
  "project_info": {
    "project_number": "419530111962",
    "firebase_url": "https://attendanceapp-afbb8.firebaseio.com",
    "project_id": "attendanceapp-afbb8",
    "storage_bucket": "attendanceapp-afbb8.appspot.com"
  },
  "client": [
    {
      "client_info": {
        "mobilesdk_app_id": "1:419530111962:android:d26835d526082364",
        "android_client_info": {
          "package_name": "com.example.home.attendance_app"
        }
      },
      "oauth_client": [
        {
          "client_id": "419530111962-967hnneim16u45nmg914b9fmavloqah9.apps.googleusercontent.com",
          "client_type": 1,
          "android_info": {
            "package_name": "com.example.home.attendance_app",
            "certificate_hash": "62c827422c1591f014aa6b540c0035779cd709eb"
          }
        },
        {
          "client_id": "419530111962-vuog6coh9mvomk15br14g398ckmcibm3.apps.googleusercontent.com",
          "client_type": 1,
          "android_info": {
            "package_name": "com.example.home.attendance_app",
            "certificate_hash": "ac1d772087b220237ee70a3d329ba39d5eac0dcd"
          }
        },
        {
          "client_id": "419530111962-9q6q2hqqlkh43rpn7ra33p94l64d5msh.apps.googleusercontent.com",
          "client_type": 3
        }
      ],
      "api_key": [
        {
          "current_key": "AIzaSyBJ__JWGECKkXl5WaCRe1tPnslfJShgVnM"
        }
      ],
      "services": {
        "analytics_service": {
          "status": 1
        },
        "appinvite_service": {
          "status": 2,
          "other_platform_oauth_client": [
            {
              "client_id": "419530111962-9q6q2hqqlkh43rpn7ra33p94l64d5msh.apps.googleusercontent.com",
              "client_type": 3
            }
          ]
        },
        "ads_service": {
          "status": 2
        }
      }
    }
  ],
  "configuration_version": "1"
}